{"cameraMode":{"drawMode":0,"name":"Shaded","section":"Shading Mode"},"sceneLighting":false,"audioPlay":false,"sceneViewState":{"m_AlwaysRefresh":false,"showFog":true,"showSkybox":false,"showFlares":true,"showImageEffects":true,"showParticleSystems":true,"showVisualEffectGraphs":true,"m_FxEnabled":true},"in2DMode":false,"pivot":{"x":-22.183645248413087,"y":1.3595603704452515,"z":-14.293227195739746},"rotation":{"x":-0.03702675923705101,"y":0.19832110404968263,"z":-0.007607318460941315,"w":-0.9794266819953919},"size":0.4941394329071045,"orthographic":false}