{"cameraMode":{"drawMode":0,"name":"Shaded","section":"Shading Mode"},"sceneLighting":false,"audioPlay":false,"sceneViewState":{"m_AlwaysRefresh":false,"showFog":true,"showSkybox":false,"showFlares":true,"showImageEffects":true,"showParticleSystems":true,"showVisualEffectGraphs":true,"m_FxEnabled":true},"in2DMode":false,"pivot":{"x":1.5130000114440919,"y":0.7260000705718994,"z":0.01050877571105957},"rotation":{"x":-0.0016244110884144903,"y":0.958733856678009,"z":-0.2843340039253235,"w":-0.005462684668600559},"size":1.820075273513794,"orthographic":false}