{"cameraMode":{"drawMode":0,"name":"Shaded","section":"Shading Mode"},"sceneLighting":true,"audioPlay":false,"sceneViewState":{"m_AlwaysRefresh":false,"showFog":true,"showSkybox":true,"showFlares":true,"showImageEffects":true,"showParticleSystems":true,"showVisualEffectGraphs":true,"m_FxEnabled":true},"in2DMode":false,"pivot":{"x":-13.386592864990235,"y":-0.03300952911376953,"z":-0.3791828155517578},"rotation":{"x":-0.28271645307540896,"y":-0.214677095413208,"z":0.06496031582355499,"w":-0.9326316118240356},"size":12.446949005126954,"orthographic":false}