{"cameraMode":{"drawMode":0,"name":"Shaded","section":"Shading Mode"},"sceneLighting":true,"audioPlay":false,"sceneViewState":{"m_AlwaysRefresh":false,"showFog":true,"showSkybox":true,"showFlares":true,"showImageEffects":true,"showParticleSystems":true,"showVisualEffectGraphs":true,"m_FxEnabled":true},"in2DMode":false,"pivot":{"x":-19.26095199584961,"y":11.860450744628907,"z":-56.19999313354492},"rotation":{"x":0.14821162819862367,"y":-0.013259122148156166,"z":0.0021918423008173706,"w":0.9886588454246521},"size":1.4039018154144288,"orthographic":false}