{"cameraMode":{"drawMode":0,"name":"Shaded","section":"Shading Mode"},"sceneLighting":true,"audioPlay":false,"sceneViewState":{"m_AlwaysRefresh":false,"showFog":true,"showSkybox":true,"showFlares":true,"showImageEffects":true,"showParticleSystems":true,"showVisualEffectGraphs":true,"m_FxEnabled":true},"in2DMode":false,"pivot":{"x":13.114935874938965,"y":6.196836948394775,"z":-21.262178421020509},"rotation":{"x":0.055253855884075168,"y":0.13738636672496797,"z":-0.007559433113783598,"w":0.988773763179779},"size":1.4039018154144288,"orthographic":false}