{"cameraMode":{"drawMode":0,"name":"Shaded","section":"Shading Mode"},"sceneLighting":false,"audioPlay":false,"sceneViewState":{"m_AlwaysRefresh":false,"showFog":false,"showSkybox":false,"showFlares":false,"showImageEffects":false,"showParticleSystems":false,"showVisualEffectGraphs":true,"m_FxEnabled":true},"in2DMode":false,"pivot":{"x":2.6749308109283449,"y":1.8542393445968629,"z":-4.39866828918457},"rotation":{"x":-0.00019707175670191646,"y":-0.9997221231460571,"z":-0.00869239866733551,"w":0.02730266936123371},"size":2.416522741317749,"orthographic":false}