{"cameraMode":{"drawMode":0,"name":"Shaded","section":"Shading Mode"},"sceneLighting":false,"audioPlay":false,"sceneViewState":{"m_AlwaysRefresh":false,"showFog":true,"showSkybox":false,"showFlares":true,"showImageEffects":true,"showParticleSystems":true,"showVisualEffectGraphs":true,"m_FxEnabled":true},"in2DMode":false,"pivot":{"x":-3.8859996795654299,"y":0.9635000228881836,"z":-13.645000457763672},"rotation":{"x":0.02062379941344261,"y":-0.08928921073675156,"z":-0.0017093021888285876,"w":-0.9959641695022583},"size":14.8815279006958,"orthographic":false}